{
  "1": {
    "enclave_setup_time": 1.367387294769287,
    "gpu_time": 1.3234975337982178,
    "enclave_time": 0.001344442367553711,
    "teardown_time": 0.07768392562866211,
    "combined_enclave_time": 1.446415662765503
  },
  "3": {
    "enclave_setup_time": 1.3678934574127197,
    "gpu_time": 1.3240649700164795,
    "enclave_time": 0.08319211006164551,
    "teardown_time": 0.0781559944152832,
    "combined_enclave_time": 1.5292415618896484
  },
  "5": {
    "enclave_setup_time": 1.3739650249481201,
    "gpu_time": 1.2186832427978516,
    "enclave_time": 0.09509110450744629,
    "teardown_time": 0.07916593551635742,
    "combined_enclave_time": 1.5482220649719238
  },
  "10": {
    "enclave_setup_time": 1.391829252243042,
    "gpu_time": 1.1521451473236084,
    "enclave_time": 8.362065315246582,
    "teardown_time": 0.0800771713256836,
    "combined_enclave_time": 9.833971738815308
  },
  "14": {
    "enclave_setup_time": 1.3985040187835693,
    "gpu_time": 1.0766327381134033,
    "enclave_time": 33.94528079032898,
    "teardown_time": 0.07950067520141602,
    "combined_enclave_time": 35.423285484313965
  },
  "18": {
    "enclave_setup_time": 1.422689437866211,
    "gpu_time": 0.9697265625,
    "enclave_time": 62.12679862976074,
    "teardown_time": 0.0799863338470459,
    "combined_enclave_time": 63.629474401474
  },
  "21": {
    "enclave_setup_time": 1.4040536880493164,
    "gpu_time": 0.8201608657836914,
    "enclave_time": 77.85521483421326,
    "teardown_time": 0.08246779441833496,
    "combined_enclave_time": 79.34173631668091
  },
  "24": {
    "enclave_setup_time": 1.443138599395752,
    "gpu_time": 0.3295907974243164,
    "enclave_time": 96.69417572021484,
    "teardown_time": 0.08319973945617676,
    "combined_enclave_time": 98.22051405906677
  }
}