{
  "1": {
    "setup_time": 1.378026008605957,
    "gpu_time": 1.3424954414367676,
    "enclave_time": 0.001596689224243164,
    "teardown_time": 0.0793309211730957
  },
  "3": {
    "setup_time": 1.3872320652008057,
    "gpu_time": 0.009705066680908203,
    "enclave_time": 0.08591032028198242,
    "teardown_time": 0.07843136787414551
  },
  "5": {
    "setup_time": 1.3901822566986084,
    "gpu_time": 0.00653076171875,
    "enclave_time": 0.09732222557067871,
    "teardown_time": 0.07864570617675781
  },
  "10": {
    "setup_time": 1.4024989604949951,
    "gpu_time": 0.00548553466796875,
    "enclave_time": 8.388795137405396,
    "teardown_time": 0.07963371276855469
  },
  "14": {
    "setup_time": 1.4025321006774902,
    "gpu_time": 0.004523038864135742,
    "enclave_time": 34.16786861419678,
    "teardown_time": 0.07962489128112793
  },
  "18": {
    "setup_time": 1.4048314094543457,
    "gpu_time": 0.003413677215576172,
    "enclave_time": 62.56287384033203,
    "teardown_time": 0.07990121841430664
  },
  "21": {
    "setup_time": 1.406050682067871,
    "gpu_time": 0.002779245376586914,
    "enclave_time": 77.26879954338074,
    "teardown_time": 0.07956624031066895
  },
  "24": {
    "setup_time": 1.4116761684417725,
    "gpu_time": 0.001634359359741211,
    "enclave_time": 96.80609178543091,
    "teardown_time": 0.07982420921325684
  }
}